{"cameraMode":{"drawMode":0,"name":"Shaded","section":"Shading Mode"},"sceneLighting":false,"audioPlay":false,"sceneViewState":{"showFog":true,"showMaterialUpdate":false,"showSkybox":true,"showFlares":true,"showImageEffects":true,"showParticleSystems":true},"in2DMode":false,"pivot":{"x":-0.07186168432235718,"y":-0.12578105926513673,"z":0.09621965885162354},"rotation":{"x":-0.4870472848415375,"y":0.017556877806782724,"z":-0.009776960127055645,"w":-0.8731648325920105},"size":2.3411548137664797,"orthographic":false}