{"cameraMode":{"drawMode":0,"name":"Shaded","section":"Shading Mode"},"sceneLighting":false,"audioPlay":false,"sceneViewState":{"showFog":true,"showMaterialUpdate":false,"showSkybox":true,"showFlares":true,"showImageEffects":true,"showParticleSystems":true},"in2DMode":false,"pivot":{"x":9.0174560546875,"y":-78.95950317382813,"z":38.23133087158203},"rotation":{"x":-0.5259305834770203,"y":-0.0045878090895712379,"z":0.002855133730918169,"w":-0.8505286574363709},"size":306.5425720214844,"orthographic":false}